{"mean":{"confidence_interval":{"confidence_level":0.95,"lower_bound":0.024575202802730067,"upper_bound":0.0452300717859071},"point_estimate":0.03525240581776545,"standard_error":0.005401160012937785},"median":{"confidence_interval":{"confidence_level":0.95,"lower_bound":0.04647872416816501,"upper_bound":0.06086006787852827},"point_estimate":0.05766213925653174,"standard_error":0.0035118936082944845}}