{"mean":{"confidence_interval":{"confidence_level":0.95,"lower_bound":2434512.735526315,"upper_bound":2523516.828947369},"point_estimate":2479087.1052631577,"standard_error":22728.5595785267},"median":{"confidence_interval":{"confidence_level":0.95,"lower_bound":2380484.210526316,"upper_bound":2650073.6842105263},"point_estimate":2429257.8947368423,"standard_error":61516.38967618103},"median_abs_dev":{"confidence_interval":{"confidence_level":0.95,"lower_bound":207825.40209983458,"upper_bound":367321.94663662603},"point_estimate":349152.2938013077,"standard_error":39676.95746459997},"slope":null,"std_dev":{"confidence_interval":{"confidence_level":0.95,"lower_bound":211165.0950522609,"upper_bound":241637.50230880905},"point_estimate":227881.69234377256,"standard_error":7752.375341281553}}