{"mean":{"confidence_interval":{"confidence_level":0.95,"lower_bound":92791.45812424489,"upper_bound":93760.57301794588},"point_estimate":93257.03859356158,"standard_error":248.24864270753594},"median":{"confidence_interval":{"confidence_level":0.95,"lower_bound":91820.23460410557,"upper_bound":93848.93048128342},"point_estimate":93607.48353096179,"standard_error":604.3919291827501},"median_abs_dev":{"confidence_interval":{"confidence_level":0.95,"lower_bound":955.0914003848758,"upper_bound":3427.643601037815},"point_estimate":2704.4234411491966,"standard_error":621.928713732207},"slope":{"confidence_interval":{"confidence_level":0.95,"lower_bound":92766.01604706362,"upper_bound":93960.51732724412},"point_estimate":93343.22412241224,"standard_error":303.5650259051486},"std_dev":{"confidence_interval":{"confidence_level":0.95,"lower_bound":1904.7115496885408,"upper_bound":3010.6576299123067},"point_estimate":2495.0235607240534,"standard_error":283.00668458687153}}