{"mean":{"confidence_interval":{"confidence_level":0.95,"lower_bound":127860.67516223111,"upper_bound":129008.90053169904},"point_estimate":128393.94658341949,"standard_error":293.7313075320748},"median":{"confidence_interval":{"confidence_level":0.95,"lower_bound":126702.20588235294,"upper_bound":128254.72165300546},"point_estimate":126880.14434889435,"standard_error":400.26343131966445},"median_abs_dev":{"confidence_interval":{"confidence_level":0.95,"lower_bound":316.70670288456574,"upper_bound":2325.3153282894614},"point_estimate":623.8596043088872,"standard_error":522.749590189153},"slope":{"confidence_interval":{"confidence_level":0.95,"lower_bound":128475.31910177137,"upper_bound":131129.64832675774},"point_estimate":129740.8354145116,"standard_error":682.2004648743462},"std_dev":{"confidence_interval":{"confidence_level":0.95,"lower_bound":1859.3282383980827,"upper_bound":3879.6555799613325},"point_estimate":2958.342994291079,"standard_error":516.5094126890211}}