{"mean":{"confidence_interval":{"confidence_level":0.95,"lower_bound":2123396.1815217393,"upper_bound":2140420.58369565},"point_estimate":2131931.565217391,"standard_error":4341.705741079696},"median":{"confidence_interval":{"confidence_level":0.95,"lower_bound":2118517.3913043477,"upper_bound":2147760.8695652173},"point_estimate":2139715.2173913047,"standard_error":7615.0322756228525},"median_abs_dev":{"confidence_interval":{"confidence_level":0.95,"lower_bound":34415.657649869325,"upper_bound":53551.027592757855},"point_estimate":43820.49835246533,"standard_error":4744.394878805911},"slope":null,"std_dev":{"confidence_interval":{"confidence_level":0.95,"lower_bound":38115.19278433217,"upper_bound":48739.40944632748},"point_estimate":43739.744797057145,"standard_error":2719.342788980197}}