{"mean":{"confidence_interval":{"confidence_level":0.95,"lower_bound":2413345.818181819,"upper_bound":2465337.7613636367},"point_estimate":2438619.0454545454,"standard_error":13209.472081872209},"median":{"confidence_interval":{"confidence_level":0.95,"lower_bound":2376636.3636363633,"upper_bound":2474479.5454545454},"point_estimate":2439331.8181818184,"standard_error":31585.68318701976},"median_abs_dev":{"confidence_interval":{"confidence_level":0.95,"lower_bound":103175.47998645066,"upper_bound":157276.90084414073},"point_estimate":130640.64449884722,"standard_error":13105.601649973989},"slope":null,"std_dev":{"confidence_interval":{"confidence_level":0.95,"lower_bound":110034.42817914196,"upper_bound":152258.83920153728},"point_estimate":132561.36360538035,"standard_error":10818.904535618145}}