{"mean":{"confidence_interval":{"confidence_level":0.95,"lower_bound":-0.004798519449715387,"upper_bound":0.03775113176183054},"point_estimate":0.016594662411106187,"standard_error":0.01094512480073517},"median":{"confidence_interval":{"confidence_level":0.95,"lower_bound":-0.027387842616583002,"upper_bound":0.09702250093599973},"point_estimate":-0.004129788071425611,"standard_error":0.030530836173827645}}