{"mean":{"confidence_interval":{"confidence_level":0.95,"lower_bound":2141581.8989130436,"upper_bound":2160151.9880434778},"point_estimate":2150713.043478261,"standard_error":4719.81597443507},"median":{"confidence_interval":{"confidence_level":0.95,"lower_bound":2143117.3913043477,"upper_bound":2162630.434782609},"point_estimate":2151384.7826086953,"standard_error":4128.993989476779},"median_abs_dev":{"confidence_interval":{"confidence_level":0.95,"lower_bound":37161.69064459607,"upper_bound":62633.483377163866},"point_estimate":48120.03827613324,"standard_error":6457.454960651713},"slope":null,"std_dev":{"confidence_interval":{"confidence_level":0.95,"lower_bound":41157.11929350543,"upper_bound":52436.025914954625},"point_estimate":47080.540842273986,"standard_error":2875.1016230005976}}