{"mean":{"confidence_interval":{"confidence_level":0.95,"lower_bound":-0.031027821665344596,"upper_bound":-0.0032174543455700745},"point_estimate":-0.016882740368758697,"standard_error":0.007145314552992522},"median":{"confidence_interval":{"confidence_level":0.95,"lower_bound":-0.0373053158335771,"upper_bound":-0.007604464806409306},"point_estimate":-0.01802115757158307,"standard_error":0.010592863984398215}}