{"mean":{"confidence_interval":{"confidence_level":0.95,"lower_bound":2301197.7130952375,"upper_bound":2343800.7142857155},"point_estimate":2322739.047619048,"standard_error":10873.920243767632},"median":{"confidence_interval":{"confidence_level":0.95,"lower_bound":2289500.0,"upper_bound":2366078.571428572},"point_estimate":2336580.9523809524,"standard_error":20539.360863788355},"median_abs_dev":{"confidence_interval":{"confidence_level":0.95,"lower_bound":100872.57220915412,"upper_bound":157868.65719727115},"point_estimate":133084.5276372773,"standard_error":14409.730479091242},"slope":null,"std_dev":{"confidence_interval":{"confidence_level":0.95,"lower_bound":98347.44200327693,"upper_bound":119010.70588345801},"point_estimate":109591.4842699668,"standard_error":5314.268760018645}}