{"mean":{"confidence_interval":{"confidence_level":0.95,"lower_bound":0.031515328389834556,"upper_bound":0.057881416640903835},"point_estimate":0.044751234094239534,"standard_error":0.006739977531173259},"median":{"confidence_interval":{"confidence_level":0.95,"lower_bound":0.028889750924322666,"upper_bound":0.0878041302336885},"point_estimate":0.0665084720135325,"standard_error":0.016230783557838607}}