{"mean":{"confidence_interval":{"confidence_level":0.95,"lower_bound":-0.06523883271955738,"upper_bound":-0.0527301199377806},"point_estimate":-0.058462064828501914,"standard_error":0.0031784961866667687},"median":{"confidence_interval":{"confidence_level":0.95,"lower_bound":-0.05132033104027778,"upper_bound":-0.047236754604227375},"point_estimate":-0.049449898223540734,"standard_error":0.0010561700030485787}}