{"mean":{"confidence_interval":{"confidence_level":0.95,"lower_bound":2203211.739130435,"upper_bound":2243964.244565217},"point_estimate":2223246.0434782607,"standard_error":10427.83018437787},"median":{"confidence_interval":{"confidence_level":0.95,"lower_bound":2167734.782608696,"upper_bound":2259565.217391304},"point_estimate":2190869.5652173916,"standard_error":27665.36564502066},"median_abs_dev":{"confidence_interval":{"confidence_level":0.95,"lower_bound":86538.71585493475,"upper_bound":135699.7971560647},"point_estimate":117031.92966139819,"standard_error":12157.318087544912},"slope":null,"std_dev":{"confidence_interval":{"confidence_level":0.95,"lower_bound":89593.34680067135,"upper_bound":118464.32799407245},"point_estimate":104473.66117651918,"standard_error":7386.76788555456}}